{
  "GET cars" : {
    "transaction" : "GET cars",
    "sampleCount" : 6,
    "errorCount" : 0,
    "errorPct" : 0.0,
    "meanResTime" : 223.00000000000003,
    "medianResTime" : 65.5,
    "minResTime" : 55.0,
    "maxResTime" : 549.0,
    "pct1ResTime" : 549.0,
    "pct2ResTime" : 549.0,
    "pct3ResTime" : 549.0,
    "throughput" : 0.5782575173477256,
    "receivedKBytesPerSec" : 0.18183488338473403,
    "sentKBytesPerSec" : 0.19745837750578257
  },
  "POST Sign In JSON" : {
    "transaction" : "POST Sign In JSON",
    "sampleCount" : 17,
    "errorCount" : 0,
    "errorPct" : 0.0,
    "meanResTime" : 1343.1764705882356,
    "medianResTime" : 1550.0,
    "minResTime" : 667.0,
    "maxResTime" : 1993.0,
    "pct1ResTime" : 1709.7999999999997,
    "pct2ResTime" : 1993.0,
    "pct3ResTime" : 1993.0,
    "throughput" : 1.0828025477707006,
    "receivedKBytesPerSec" : 0.7700537420382166,
    "sentKBytesPerSec" : 0.4221611265923567
  },
  "Total" : {
    "transaction" : "Total",
    "sampleCount" : 45,
    "errorCount" : 0,
    "errorPct" : 0.0,
    "meanResTime" : 569.6888888888889,
    "medianResTime" : 76.0,
    "minResTime" : 54.0,
    "maxResTime" : 1993.0,
    "pct1ResTime" : 1622.6,
    "pct2ResTime" : 1637.2,
    "pct3ResTime" : 1993.0,
    "throughput" : 2.8662420382165603,
    "receivedKBytesPerSec" : 1.486863057324841,
    "sentKBytesPerSec" : 1.097233280254777
  },
  "Remove Car" : {
    "transaction" : "Remove Car",
    "sampleCount" : 11,
    "errorCount" : 0,
    "errorPct" : 0.0,
    "meanResTime" : 62.27272727272727,
    "medianResTime" : 57.0,
    "minResTime" : 54.0,
    "maxResTime" : 79.0,
    "pct1ResTime" : 78.4,
    "pct2ResTime" : 79.0,
    "pct3ResTime" : 79.0,
    "throughput" : 0.9242144177449169,
    "receivedKBytesPerSec" : 0.3023553026802218,
    "sentKBytesPerSec" : 0.33164725466308187
  },
  "Add car" : {
    "transaction" : "Add car",
    "sampleCount" : 11,
    "errorCount" : 0,
    "errorPct" : 0.0,
    "meanResTime" : 70.81818181818183,
    "medianResTime" : 71.0,
    "minResTime" : 64.0,
    "maxResTime" : 82.0,
    "pct1ResTime" : 81.0,
    "pct2ResTime" : 82.0,
    "pct3ResTime" : 82.0,
    "throughput" : 0.9229736532975331,
    "receivedKBytesPerSec" : 0.4840203631062259,
    "sentKBytesPerSec" : 0.38618384481456625
  }
}